Workbook

Sheet Karnataka Fuel Rates
A1: Karnataka Fuel Prices (Petrol & Diesel)
A2: District-wise rates as provided (today)
A4: District | B4: Petrol (₹/litre) | C4: Diesel (₹/litre)
A5: Bengaluru | B5: 110.93 | C5: 99.56
A6: Mysore | B6: 110.51 | C6: 98.39
A7: Bellary | B7: 112.06 | C7: 100
A8: Bidar | B8: 111.81 | C8: 99.11
A9: Karnataka Average (used in calculators) | B9: =AVERAGE(B5:B8) -> 111.3275 | C9: =AVERAGE(C5:C8) -> 99.265
A11: Note: Calculator sheets reference the Karnataka Average above (B9/C9). To calculate for a specific district instead, edit B9/C9 or update the formulas in the other sheets.

Sheet Distance Fuel Calculator
A1: Km-wise Fuel Quantity & Fare Calculator
A2: Edit 'Distance (km)' and 'Mileage (km/l)' columns — Litres Needed and Fare auto-calculate
A4: Distance (km) | B4: Fuel Type | C4: Mileage (km/l) | D4: Litres Needed | E4: Fare (₹)
A5: 5 | B5: Petrol | C5: 15 | D5: =A5/C5 -> 0.33333333 | E5: =D5*'Karnataka Fuel Rates'!$B$9 -> 37.109167
A6: 5 | B6: Diesel | C6: 18 | D6: =A6/C6 -> 0.27777778 | E6: =D6*'Karnataka Fuel Rates'!$C$9 -> 27.573611
A7: 10 | B7: Petrol | C7: 15 | D7: =A7/C7 -> 0.66666667 | E7: =D7*'Karnataka Fuel Rates'!$B$9 -> 74.218333
A8: 10 | B8: Diesel | C8: 18 | D8: =A8/C8 -> 0.55555556 | E8: =D8*'Karnataka Fuel Rates'!$C$9 -> 55.147222
A9: 20 | B9: Petrol | C9: 15 | D9: =A9/C9 -> 1.3333333 | E9: =D9*'Karnataka Fuel Rates'!$B$9 -> 148.43667
A10: 20 | B10: Diesel | C10: 18 | D10: =A10/C10 -> 1.1111111 | E10: =D10*'Karnataka Fuel Rates'!$C$9 -> 110.29444
A11: 50 | B11: Petrol | C11: 15 | D11: =A11/C11 -> 3.3333333 | E11: =D11*'Karnataka Fuel Rates'!$B$9 -> 371.09167
A12: 50 | B12: Diesel | C12: 18 | D12: =A12/C12 -> 2.7777778 | E12: =D12*'Karnataka Fuel Rates'!$C$9 -> 275.73611
A13: 100 | B13: Petrol | C13: 15 | D13: =A13/C13 -> 6.6666667 | E13: =D13*'Karnataka Fuel Rates'!$B$9 -> 742.18333
A14: 100 | B14: Diesel | C14: 18 | D14: =A14/C14 -> 5.5555556 | E14: =D14*'Karnataka Fuel Rates'!$C$9 -> 551.47222
A15: 150 | B15: Petrol | C15: 15 | D15: =A15/C15 -> 10 | E15: =D15*'Karnataka Fuel Rates'!$B$9 -> 1113.275
A16: 150 | B16: Diesel | C16: 18 | D16: =A16/C16 -> 8.3333333 | E16: =D16*'Karnataka Fuel Rates'!$C$9 -> 827.20833
A17: 200 | B17: Petrol | C17: 15 | D17: =A17/C17 -> 13.333333 | E17: =D17*'Karnataka Fuel Rates'!$B$9 -> 1484.3667
A18: 200 | B18: Diesel | C18: 18 | D18: =A18/C18 -> 11.111111 | E18: =D18*'Karnataka Fuel Rates'!$C$9 -> 1102.9444
A19: 300 | B19: Petrol | C19: 15 | D19: =A19/C19 -> 20 | E19: =D19*'Karnataka Fuel Rates'!$B$9 -> 2226.55
A20: 300 | B20: Diesel | C20: 18 | D20: =A20/C20 -> 16.666667 | E20: =D20*'Karnataka Fuel Rates'!$C$9 -> 1654.4167
A21: 500 | B21: Petrol | C21: 15 | D21: =A21/C21 -> 33.333333 | E21: =D21*'Karnataka Fuel Rates'!$B$9 -> 3710.9167
A22: 500 | B22: Diesel | C22: 18 | D22: =A22/C22 -> 27.777778 | E22: =D22*'Karnataka Fuel Rates'!$C$9 -> 2757.3611
A25: Custom Calculation
A26: Enter Distance (km): | B26: 100
A27: Select Fuel Type (Petrol/Diesel): | B27: Petrol
A28: Enter Mileage (km/l): | B28: 15
A29: Litres Needed: | B29: =B26/B28 -> 6.6666667
A30: Fare (₹): | B30: =B29*IF(B27="Petrol",'Karnataka Fuel Rates'!$B$9,'Karnataka Fuel Rates'!$C$9) -> 742.18333

Sheet 1-1000 km Full Table
A1: Fuel Quantity & Fare for Every Km (1 to 1000)
A2: Mileage assumptions editable in row 4 (B4, D4) — all values recalculate automatically
A4: Petrol Mileage (km/l): | B4: 15 | C4: Diesel Mileage (km/l): | D4: 18
A6: Distance (km) | B6: Petrol Litres Needed | C6: Petrol Fare (₹) | D6: Diesel Litres Needed | E6: Diesel Fare (₹)
A7: 1 | B7: =A7/$B$4 -> 0.066666667 | C7: =B7*'Karnataka Fuel Rates'!$B$9 -> 7.4218333 | D7: =A7/$D$4 -> 0.055555556 | E7: =D7*'Karnataka Fuel Rates'!$C$9 -> 5.5147222
A8: 2 | B8: =A8/$B$4 -> 0.13333333 | C8: =B8*'Karnataka Fuel Rates'!$B$9 -> 14.843667 | D8: =A8/$D$4 -> 0.11111111 | E8: =D8*'Karnataka Fuel Rates'!$C$9 -> 11.029444
A9: 3 | B9: =A9/$B$4 -> 0.2 | C9: =B9*'Karnataka Fuel Rates'!$B$9 -> 22.2655 | D9: =A9/$D$4 -> 0.16666667 | E9: =D9*'Karnataka Fuel Rates'!$C$9 -> 16.544167
A10: 4 | B10: =A10/$B$4 -> 0.26666667 | C10: =B10*'Karnataka Fuel Rates'!$B$9 -> 29.687333 | D10: =A10/$D$4 -> 0.22222222 | E10: =D10*'Karnataka Fuel Rates'!$C$9 -> 22.058889
A11: 5 | B11: =A11/$B$4 -> 0.33333333 | C11: =B11*'Karnataka Fuel Rates'!$B$9 -> 37.109167 | D11: =A11/$D$4 -> 0.27777778 | E11: =D11*'Karnataka Fuel Rates'!$C$9 -> 27.573611
A12: 6 | B12: =A12/$B$4 -> 0.4 | C12: =B12*'Karnataka Fuel Rates'!$B$9 -> 44.531 | D12: =A12/$D$4 -> 0.33333333 | E12: =D12*'Karnataka Fuel Rates'!$C$9 -> 33.088333
A13: 7 | B13: =A13/$B$4 -> 0.46666667 | C13: =B13*'Karnataka Fuel Rates'!$B$9 -> 51.952833 | D13: =A13/$D$4 -> 0.38888889 | E13: =D13*'Karnataka Fuel Rates'!$C$9 -> 38.603056
A14: 8 | B14: =A14/$B$4 -> 0.53333333 | C14: =B14*'Karnataka Fuel Rates'!$B$9 -> 59.374667 | D14: =A14/$D$4 -> 0.44444444 | E14: =D14*'Karnataka Fuel Rates'!$C$9 -> 44.117778
A15: 9 | B15: =A15/$B$4 -> 0.6 | C15: =B15*'Karnataka Fuel Rates'!$B$9 -> 66.7965 | D15: =A15/$D$4 -> 0.5 | E15: =D15*'Karnataka Fuel Rates'!$C$9 -> 49.6325
A16: 10 | B16: =A16/$B$4 -> 0.66666667 | C16: =B16*'Karnataka Fuel Rates'!$B$9 -> 74.218333 | D16: =A16/$D$4 -> 0.55555556 | E16: =D16*'Karnataka Fuel Rates'!$C$9 -> 55.147222
A17: 11 | B17: =A17/$B$4 -> 0.73333333 | C17: =B17*'Karnataka Fuel Rates'!$B$9 -> 81.640167 | D17: =A17/$D$4 -> 0.61111111 | E17: =D17*'Karnataka Fuel Rates'!$C$9 -> 60.661944
A18: 12 | B18: =A18/$B$4 -> 0.8 | C18: =B18*'Karnataka Fuel Rates'!$B$9 -> 89.062 | D18: =A18/$D$4 -> 0.66666667 | E18: =D18*'Karnataka Fuel Rates'!$C$9 -> 66.176667
... A1006: 1000 | B1006: =A1006/$B$4 -> 66.666667 | C1006: =B1006*'Karnataka Fuel Rates'!$B$9 -> 7421.8333 | D1006: =A1006/$D$4 -> 55.555556 | E1006: =D1006*'Karnataka Fuel Rates'!$C$9 -> 5514.7222
